{"__symbolic":"module","version":4,"metadata":{"PlotlyModule":{"__symbolic":"class","decorators":[{"__symbolic":"call","expression":{"__symbolic":"reference","module":"@angular/core","name":"NgModule","line":8,"character":1},"arguments":[{"declarations":[],"imports":[{"__symbolic":"reference","module":"@angular/common","name":"CommonModule","line":10,"character":14},{"__symbolic":"reference","name":"ɵa"}],"providers":[{"__symbolic":"reference","name":"PlotlyService"}],"exports":[{"__symbolic":"reference","name":"ɵa"}]}]}],"members":{"__ctor__":[{"__symbolic":"constructor"}],"isValid":[{"__symbolic":"method"}]},"statics":{"plotlyjs":{}}},"PlotlyBundleName":{"__symbolic":"interface"},"PlotlyViaCDNModule":{"__symbolic":"class","decorators":[{"__symbolic":"call","expression":{"__symbolic":"reference","module":"@angular/core","name":"NgModule","line":10,"character":1},"arguments":[{"declarations":[],"imports":[{"__symbolic":"reference","module":"@angular/common","name":"CommonModule","line":12,"character":14},{"__symbolic":"reference","name":"ɵa"}],"providers":[{"__symbolic":"reference","name":"PlotlyService"}],"exports":[{"__symbolic":"reference","name":"ɵa"}]}]}],"members":{"__ctor__":[{"__symbolic":"constructor","parameters":[{"__symbolic":"reference","name":"PlotlyService"}]}]},"statics":{"plotlyBundle":null,"plotlyVersion":"latest","plotlyBundleNames":["basic","cartesian","geo","gl3d","gl2d","mapbox","finance"]}},"PlotlyViaWindowModule":{"__symbolic":"class","decorators":[{"__symbolic":"call","expression":{"__symbolic":"reference","module":"@angular/core","name":"NgModule","line":7,"character":1},"arguments":[{"declarations":[],"imports":[{"__symbolic":"reference","module":"@angular/common","name":"CommonModule","line":9,"character":14},{"__symbolic":"reference","name":"ɵa"}],"providers":[{"__symbolic":"reference","name":"PlotlyService"}],"exports":[{"__symbolic":"reference","name":"ɵa"}]}]}],"members":{"__ctor__":[{"__symbolic":"constructor"}]}},"PlotlyService":{"__symbolic":"class","decorators":[{"__symbolic":"call","expression":{"__symbolic":"reference","module":"@angular/core","name":"Injectable","line":6,"character":1},"arguments":[{"providedIn":"root"}]}],"members":{"getInstanceByDivId":[{"__symbolic":"method"}],"getPlotly":[{"__symbolic":"method"}],"_getPlotly":[{"__symbolic":"method"}],"waitFor":[{"__symbolic":"method"}],"newPlot":[{"__symbolic":"method"}],"plot":[{"__symbolic":"method"}],"update":[{"__symbolic":"method"}],"resize":[{"__symbolic":"method"}]},"statics":{"instances":[],"plotly":{"__symbolic":"reference","name":"undefined"},"moduleName":{"__symbolic":"reference","name":"undefined"},"getModuleName":{"__symbolic":"function","parameters":[],"value":{"__symbolic":"select","expression":{"__symbolic":"reference","name":"PlotlyService"},"member":"moduleName"}},"ɵprov":{}}},"PlotlyComponent":{"__symbolic":"class","decorators":[{"__symbolic":"call","expression":{"__symbolic":"reference","module":"@angular/core","name":"Component","line":25,"character":1},"arguments":[{"selector":"plotly-plot","template":"<div #plot [attr.id]=\"divId\" [ngClass]=\"getClassName()\" [ngStyle]=\"style\">\n      <ng-content></ng-content>\n    </div>","providers":[{"__symbolic":"reference","name":"PlotlyService"}]}]}],"members":{"plotEl":[{"__symbolic":"property","decorators":[{"__symbolic":"call","expression":{"__symbolic":"reference","module":"@angular/core","name":"ViewChild","line":40,"character":5},"arguments":["plot",{"static":true}]}]}],"data":[{"__symbolic":"property","decorators":[{"__symbolic":"call","expression":{"__symbolic":"reference","module":"@angular/core","name":"Input","line":42,"character":5}}]}],"layout":[{"__symbolic":"property","decorators":[{"__symbolic":"call","expression":{"__symbolic":"reference","module":"@angular/core","name":"Input","line":43,"character":5}}]}],"config":[{"__symbolic":"property","decorators":[{"__symbolic":"call","expression":{"__symbolic":"reference","module":"@angular/core","name":"Input","line":44,"character":5}}]}],"frames":[{"__symbolic":"property","decorators":[{"__symbolic":"call","expression":{"__symbolic":"reference","module":"@angular/core","name":"Input","line":45,"character":5}}]}],"style":[{"__symbolic":"property","decorators":[{"__symbolic":"call","expression":{"__symbolic":"reference","module":"@angular/core","name":"Input","line":46,"character":5}}]}],"divId":[{"__symbolic":"property","decorators":[{"__symbolic":"call","expression":{"__symbolic":"reference","module":"@angular/core","name":"Input","line":48,"character":5}}]}],"revision":[{"__symbolic":"property","decorators":[{"__symbolic":"call","expression":{"__symbolic":"reference","module":"@angular/core","name":"Input","line":49,"character":5}}]}],"className":[{"__symbolic":"property","decorators":[{"__symbolic":"call","expression":{"__symbolic":"reference","module":"@angular/core","name":"Input","line":50,"character":5}}]}],"debug":[{"__symbolic":"property","decorators":[{"__symbolic":"call","expression":{"__symbolic":"reference","module":"@angular/core","name":"Input","line":51,"character":5}}]}],"useResizeHandler":[{"__symbolic":"property","decorators":[{"__symbolic":"call","expression":{"__symbolic":"reference","module":"@angular/core","name":"Input","line":52,"character":5}}]}],"updateOnLayoutChange":[{"__symbolic":"property","decorators":[{"__symbolic":"call","expression":{"__symbolic":"reference","module":"@angular/core","name":"Input","line":54,"character":5}}]}],"updateOnDataChange":[{"__symbolic":"property","decorators":[{"__symbolic":"call","expression":{"__symbolic":"reference","module":"@angular/core","name":"Input","line":55,"character":5}}]}],"updateOnlyWithRevision":[{"__symbolic":"property","decorators":[{"__symbolic":"call","expression":{"__symbolic":"reference","module":"@angular/core","name":"Input","line":56,"character":5}}]}],"initialized":[{"__symbolic":"property","decorators":[{"__symbolic":"call","expression":{"__symbolic":"reference","module":"@angular/core","name":"Output","line":58,"character":5}}]}],"update":[{"__symbolic":"property","decorators":[{"__symbolic":"call","expression":{"__symbolic":"reference","module":"@angular/core","name":"Output","line":59,"character":5}}]}],"purge":[{"__symbolic":"property","decorators":[{"__symbolic":"call","expression":{"__symbolic":"reference","module":"@angular/core","name":"Output","line":60,"character":5}}]}],"error":[{"__symbolic":"property","decorators":[{"__symbolic":"call","expression":{"__symbolic":"reference","module":"@angular/core","name":"Output","line":61,"character":5}}]}],"afterExport":[{"__symbolic":"property","decorators":[{"__symbolic":"call","expression":{"__symbolic":"reference","module":"@angular/core","name":"Output","line":63,"character":5}}]}],"afterPlot":[{"__symbolic":"property","decorators":[{"__symbolic":"call","expression":{"__symbolic":"reference","module":"@angular/core","name":"Output","line":64,"character":5}}]}],"animated":[{"__symbolic":"property","decorators":[{"__symbolic":"call","expression":{"__symbolic":"reference","module":"@angular/core","name":"Output","line":65,"character":5}}]}],"animatingFrame":[{"__symbolic":"property","decorators":[{"__symbolic":"call","expression":{"__symbolic":"reference","module":"@angular/core","name":"Output","line":66,"character":5}}]}],"animationInterrupted":[{"__symbolic":"property","decorators":[{"__symbolic":"call","expression":{"__symbolic":"reference","module":"@angular/core","name":"Output","line":67,"character":5}}]}],"autoSize":[{"__symbolic":"property","decorators":[{"__symbolic":"call","expression":{"__symbolic":"reference","module":"@angular/core","name":"Output","line":68,"character":5}}]}],"beforeExport":[{"__symbolic":"property","decorators":[{"__symbolic":"call","expression":{"__symbolic":"reference","module":"@angular/core","name":"Output","line":69,"character":5}}]}],"buttonClicked":[{"__symbolic":"property","decorators":[{"__symbolic":"call","expression":{"__symbolic":"reference","module":"@angular/core","name":"Output","line":70,"character":5}}]}],"click":[{"__symbolic":"property","decorators":[{"__symbolic":"call","expression":{"__symbolic":"reference","module":"@angular/core","name":"Output","line":71,"character":5}}]}],"plotlyClick":[{"__symbolic":"property","decorators":[{"__symbolic":"call","expression":{"__symbolic":"reference","module":"@angular/core","name":"Output","line":72,"character":5}}]}],"clickAnnotation":[{"__symbolic":"property","decorators":[{"__symbolic":"call","expression":{"__symbolic":"reference","module":"@angular/core","name":"Output","line":73,"character":5}}]}],"deselect":[{"__symbolic":"property","decorators":[{"__symbolic":"call","expression":{"__symbolic":"reference","module":"@angular/core","name":"Output","line":74,"character":5}}]}],"doubleClick":[{"__symbolic":"property","decorators":[{"__symbolic":"call","expression":{"__symbolic":"reference","module":"@angular/core","name":"Output","line":75,"character":5}}]}],"framework":[{"__symbolic":"property","decorators":[{"__symbolic":"call","expression":{"__symbolic":"reference","module":"@angular/core","name":"Output","line":76,"character":5}}]}],"hover":[{"__symbolic":"property","decorators":[{"__symbolic":"call","expression":{"__symbolic":"reference","module":"@angular/core","name":"Output","line":77,"character":5}}]}],"legendClick":[{"__symbolic":"property","decorators":[{"__symbolic":"call","expression":{"__symbolic":"reference","module":"@angular/core","name":"Output","line":78,"character":5}}]}],"legendDoubleClick":[{"__symbolic":"property","decorators":[{"__symbolic":"call","expression":{"__symbolic":"reference","module":"@angular/core","name":"Output","line":79,"character":5}}]}],"react":[{"__symbolic":"property","decorators":[{"__symbolic":"call","expression":{"__symbolic":"reference","module":"@angular/core","name":"Output","line":80,"character":5}}]}],"relayout":[{"__symbolic":"property","decorators":[{"__symbolic":"call","expression":{"__symbolic":"reference","module":"@angular/core","name":"Output","line":81,"character":5}}]}],"restyle":[{"__symbolic":"property","decorators":[{"__symbolic":"call","expression":{"__symbolic":"reference","module":"@angular/core","name":"Output","line":82,"character":5}}]}],"redraw":[{"__symbolic":"property","decorators":[{"__symbolic":"call","expression":{"__symbolic":"reference","module":"@angular/core","name":"Output","line":83,"character":5}}]}],"selected":[{"__symbolic":"property","decorators":[{"__symbolic":"call","expression":{"__symbolic":"reference","module":"@angular/core","name":"Output","line":84,"character":5}}]}],"selecting":[{"__symbolic":"property","decorators":[{"__symbolic":"call","expression":{"__symbolic":"reference","module":"@angular/core","name":"Output","line":85,"character":5}}]}],"sliderChange":[{"__symbolic":"property","decorators":[{"__symbolic":"call","expression":{"__symbolic":"reference","module":"@angular/core","name":"Output","line":86,"character":5}}]}],"sliderEnd":[{"__symbolic":"property","decorators":[{"__symbolic":"call","expression":{"__symbolic":"reference","module":"@angular/core","name":"Output","line":87,"character":5}}]}],"sliderStart":[{"__symbolic":"property","decorators":[{"__symbolic":"call","expression":{"__symbolic":"reference","module":"@angular/core","name":"Output","line":88,"character":5}}]}],"transitioning":[{"__symbolic":"property","decorators":[{"__symbolic":"call","expression":{"__symbolic":"reference","module":"@angular/core","name":"Output","line":89,"character":5}}]}],"transitionInterrupted":[{"__symbolic":"property","decorators":[{"__symbolic":"call","expression":{"__symbolic":"reference","module":"@angular/core","name":"Output","line":90,"character":5}}]}],"unhover":[{"__symbolic":"property","decorators":[{"__symbolic":"call","expression":{"__symbolic":"reference","module":"@angular/core","name":"Output","line":91,"character":5}}]}],"relayouting":[{"__symbolic":"property","decorators":[{"__symbolic":"call","expression":{"__symbolic":"reference","module":"@angular/core","name":"Output","line":92,"character":5}}]}],"treemapclick":[{"__symbolic":"property","decorators":[{"__symbolic":"call","expression":{"__symbolic":"reference","module":"@angular/core","name":"Output","line":93,"character":5}}]}],"sunburstclick":[{"__symbolic":"property","decorators":[{"__symbolic":"call","expression":{"__symbolic":"reference","module":"@angular/core","name":"Output","line":94,"character":5}}]}],"__ctor__":[{"__symbolic":"constructor","parameters":[{"__symbolic":"reference","name":"PlotlyService"},{"__symbolic":"reference","module":"@angular/core","name":"IterableDiffers","line":104,"character":32},{"__symbolic":"reference","module":"@angular/core","name":"KeyValueDiffers","line":105,"character":32}]}],"ngOnInit":[{"__symbolic":"method"}],"ngOnDestroy":[{"__symbolic":"method"}],"ngOnChanges":[{"__symbolic":"method"}],"ngDoCheck":[{"__symbolic":"method"}],"getWindow":[{"__symbolic":"method"}],"getClassName":[{"__symbolic":"method"}],"createPlot":[{"__symbolic":"method"}],"createFigure":[{"__symbolic":"method"}],"updatePlot":[{"__symbolic":"method"}],"updateWindowResizeHandler":[{"__symbolic":"method"}],"dataDifferTrackBy":[{"__symbolic":"method"}]}},"ɵa":{"__symbolic":"class","decorators":[{"__symbolic":"call","expression":{"__symbolic":"reference","module":"@angular/core","name":"NgModule","line":7,"character":1},"arguments":[{"declarations":[{"__symbolic":"reference","name":"PlotlyComponent"}],"imports":[{"__symbolic":"reference","module":"@angular/common","name":"CommonModule","line":9,"character":14}],"providers":[{"__symbolic":"reference","name":"PlotlyService"}],"exports":[{"__symbolic":"reference","name":"PlotlyComponent"}]}]}],"members":{"__ctor__":[{"__symbolic":"constructor"}]}}},"origins":{"PlotlyModule":"./lib/plotly.module","PlotlyBundleName":"./lib/plotly-via-cdn.module","PlotlyViaCDNModule":"./lib/plotly-via-cdn.module","PlotlyViaWindowModule":"./lib/plotly-via-window.module","PlotlyService":"./lib/plotly.service","PlotlyComponent":"./lib/plotly.component","ɵa":"./lib/plotly-shared.module"},"importAs":"angular-plotly.js"}